dummy,iiif,item
1,https://www.dl.ndl.go.jp/api/iiif/3437686/R0000001/info.json,kouigenjimonogatari
2,https://www.dl.ndl.go.jp/api/iiif/3437686/R0000002/info.json,kouigenjimonogatari
3,https://www.dl.ndl.go.jp/api/iiif/3437686/R0000003/info.json,kouigenjimonogatari
4,https://www.dl.ndl.go.jp/api/iiif/3437686/R0000004/info.json,kouigenjimonogatari
5,https://www.dl.ndl.go.jp/api/iiif/3437686/R0000005/info.json,kouigenjimonogatari
6,https://www.dl.ndl.go.jp/api/iiif/3437686/R0000006/info.json,kouigenjimonogatari
7,https://www.dl.ndl.go.jp/api/iiif/3437686/R0000007/info.json,kouigenjimonogatari
8,https://www.dl.ndl.go.jp/api/iiif/3437686/R0000008/info.json,kouigenjimonogatari
9,https://www.dl.ndl.go.jp/api/iiif/3437686/R0000009/info.json,kouigenjimonogatari
10,https://www.dl.ndl.go.jp/api/iiif/3437686/R0000010/info.json,kouigenjimonogatari
11,https://www.dl.ndl.go.jp/api/iiif/3437686/R0000011/info.json,kouigenjimonogatari
12,https://www.dl.ndl.go.jp/api/iiif/3437686/R0000012/info.json,kouigenjimonogatari
13,https://www.dl.ndl.go.jp/api/iiif/3437686/R0000013/info.json,kouigenjimonogatari
14,https://www.dl.ndl.go.jp/api/iiif/3437686/R0000014/info.json,kouigenjimonogatari
15,https://www.dl.ndl.go.jp/api/iiif/3437686/R0000015/info.json,kouigenjimonogatari
16,https://www.dl.ndl.go.jp/api/iiif/3437686/R0000016/info.json,kouigenjimonogatari
17,https://www.dl.ndl.go.jp/api/iiif/3437686/R0000017/info.json,kouigenjimonogatari
18,https://www.dl.ndl.go.jp/api/iiif/3437686/R0000018/info.json,kouigenjimonogatari
19,https://www.dl.ndl.go.jp/api/iiif/3437686/R0000019/info.json,kouigenjimonogatari
20,https://www.dl.ndl.go.jp/api/iiif/3437686/R0000020/info.json,kouigenjimonogatari
21,https://www.dl.ndl.go.jp/api/iiif/3437686/R0000021/info.json,kouigenjimonogatari
22,https://www.dl.ndl.go.jp/api/iiif/3437686/R0000022/info.json,kouigenjimonogatari
23,https://www.dl.ndl.go.jp/api/iiif/3437686/R0000023/info.json,kouigenjimonogatari
24,https://www.dl.ndl.go.jp/api/iiif/3437686/R0000024/info.json,kouigenjimonogatari
25,https://www.dl.ndl.go.jp/api/iiif/3437686/R0000025/info.json,kouigenjimonogatari
26,https://www.dl.ndl.go.jp/api/iiif/3437686/R0000026/info.json,kouigenjimonogatari
27,https://www.dl.ndl.go.jp/api/iiif/3437686/R0000027/info.json,kouigenjimonogatari
28,https://www.dl.ndl.go.jp/api/iiif/3437686/R0000028/info.json,kouigenjimonogatari
29,https://www.dl.ndl.go.jp/api/iiif/3437686/R0000029/info.json,kouigenjimonogatari
30,https://www.dl.ndl.go.jp/api/iiif/3437686/R0000030/info.json,kouigenjimonogatari
31,https://www.dl.ndl.go.jp/api/iiif/3437686/R0000031/info.json,kouigenjimonogatari
32,https://www.dl.ndl.go.jp/api/iiif/3437686/R0000032/info.json,kouigenjimonogatari
33,https://www.dl.ndl.go.jp/api/iiif/3437686/R0000033/info.json,kouigenjimonogatari
34,https://www.dl.ndl.go.jp/api/iiif/3437686/R0000034/info.json,kouigenjimonogatari
35,https://www.dl.ndl.go.jp/api/iiif/3437686/R0000035/info.json,kouigenjimonogatari